00000000|Das bedeutet, dass das Verhalten des Menschen sich immer auch nach außen hin, also in der Gesellschaft, in der seine Umwelt ist, auswirken muss.|Das bedeutet, dass das Verhalten des Menschen sich immer auch nach außen hin, also in der Gesellschaft, in der seine Umwelt ist, auswirken muss.
00000001|Dieses Selbststudium ist die Basis allen Wissens.|Dieses Selbststudium ist die Basis allen Wissens.
00000002|Wenn wir das Thema nicht behandeln, wird der Mensch krank.|Wenn wir das Thema nicht behandeln, wird der Mensch krank.
00000003|Die Krankheit ist die höchste Herausforderung des menschlichen Daseins.|Die Krankheit ist die höchste Herausforderung des menschlichen Daseins.
00000004|Aber Krankheit ist Teil eines Lernprozesses.|Aber Krankheit ist Teil eines Lernprozesses.
00000005|Der Körper ist ein Spiegel des Geistes und wird durch die Übungen und Meditationen in eine tiefe Transformation geführt.|Der Körper ist ein Spiegel des Geistes und wird durch die Übungen und Meditationen in eine tiefe Transformation geführt.
00000006|Dieser Prozess kann einige Zeit dauern.|Dieser Prozess kann einige Zeit dauern.
00000007|Als ich diese Frage las, erinnerte ich mich an eine Frau, die unter einer schweren Krankheit litt – an Epilepsie und Krebs.|Als ich diese Frage las, erinnerte ich mich an eine Frau, die unter einer schweren Krankheit litt – an Epilepsie und Krebs.
00000008|Sie sagte, sie fühle sich gesund und sie hätte keine Schmerzen – und dass dies alles nur ein Zustand war.|Sie sagte, sie fühle sich gesund und sie hätte keine Schmerzen – und dass dies alles nur ein Zustand war.
00000009|Ich gehe nun nicht davon aus, dass sich das irgendwann durch den „Genuss“ geändert hat.|Ich gehe nun nicht davon aus, dass sich das irgendwann durch den "Genuss" geändert hat.
00000010|Aber wir werden ja sehen, wie es jetzt ist.|Aber wir werden ja sehen, wie es jetzt ist.
00000011|Ja, ich denke schon, dass sich durch das Bier eine Veränderung ergeben hat.|Ja, ich denke schon, dass sich durch das Bier eine Veränderung ergeben hat.
00000012|Siehst du dich auch als „typische junge Frau“?|Siehst du dich auch als "typische junge Frau"?
00000013|Ich will nicht als typisch weiblich wahrgenommen werden.|Ich will nicht als typisch weiblich wahrgenommen werden.
00000014|Der Spieler bekommt jedoch keinen Bonus.|Der Spieler bekommt jedoch keinen Bonus.
00000015|Er zahlt den Einsatz mit demselben Betrag erneut ein, der am Anfang des Spiels eingesetzt wurde.|Er zahlt den Einsatz mit demselben Betrag erneut ein, der am Anfang des Spiels eingesetzt wurde.
00000016|Alle Spieler wissen, dass sie am Anfang des Spiels über die gleichen Chancen wie bei herkömmlichen Casinos stehen — bis der Dealer den Einsatz verdoppelt oder verdreifacht.|Alle Spieler wissen, dass sie am Anfang des Spiels über die gleichen Chancen wie bei herkömmlichen Casinos stehen — bis der Dealer den Einsatz verdoppelt oder verdreifacht.
00000017|Doch Live Casino hat auch seine Nachteile, wenn es um die Gewinnauszahlung geht.|Doch Live Casino hat auch seine Nachteile, wenn es um die Gewinnauszahlung geht.
00000018|Sie fing an das Mädchen zu küssen und zu knuddeln.|Sie fing an das Mädchen zu küssen und zu knuddeln.
00000019|Ich grinste sie an.|Ich grinste sie an.
00000020|Als ich aufwachte, war ich vollkommen hellwach.|Als ich aufwachte, war ich vollkommen hellwach.
00000021|Meine ganze Müdigkeit schwand und ich war hellwach.|Meine ganze Müdigkeit schwand und ich war hellwach.
00000022|Jeder Kunde hat eine E-Mail Adresse mit einer schnellen Antwort.|Jeder Kunde hat eine E-Mail Adresse mit einer schnellen Antwort.
00000023|Zalando stellt auch viele Video-Tutorials zur Verfügung, welche die Software zeigen.|Zalando stellt auch viele Video-Tutorials zur Verfügung, welche die Software zeigen.
00000024|Innerhalb von nur 2 Minuten kann man sich einloggen und kann bereits am nächsten Tag das gewünschte Produkt zu sich nach Hause bestellen.|Innerhalb von nur 2 Minuten kann man sich einloggen und kann bereits am nächsten Tag das gewünschte Produkt zu sich nach Hause bestellen.
00000025|Wenn sich der Kunde von Zalando überzeugen möchte, muss er nur die Vorteile, welche ihn beim Onlineshopping bei Zalando erwarten klar hervorheben.|Wenn sich der Kunde von Zalando überzeugen möchte, muss er nur die Vorteile, welche ihn beim Onlineshopping bei Zalando erwarten klar hervorheben.
00000026|Eine kostenlose Bestellung und eine versandkostenfreie Lieferung innerhalb Deutschlands gehören auf jeden Fall zu den Vorteilen.|Eine kostenlose Bestellung und eine versandkostenfreie Lieferung innerhalb Deutschlands gehören auf jeden Fall zu den Vorteilen.
00000027|Es kommt auch immer auf die Details der einzelnen Angebote an und die sind wirklich umfangreich.|Es kommt auch immer auf die Details der einzelnen Angebote an und die sind wirklich umfangreich.
00000028|Es gibt wirklich tolle Zalando Gutscheine, für die man sich entscheiden kann.|Es gibt wirklich tolle Zalando Gutscheine, für die man sich entscheiden kann.
00000029|Die Gefahr, dass die Schuhe zu spät bei den Beschenkten ankommen, ist bei Zalando in jedem Fall gegeben.|Die Gefahr, dass die Schuhe zu spät bei den Beschenkten ankommen, ist bei Zalando in jedem Fall gegeben.
00000030|Aber es ist natürlich auch möglich, wenn es um Schuhe für Männer geht, dass die Schuhe auf den Mann, also dessen Bedürfnissen abgestimmt sind.|Aber es ist natürlich auch möglich, wenn es um Schuhe für Männer geht, dass die Schuhe auf den Mann, also dessen Bedürfnissen abgestimmt sind.
00000031|Dann sind Zalando Gutscheine auch wirklich wichtig, so dass man auch einen wirklich tollen Schuh im Onlineshop kaufen kann.|Dann sind Zalando Gutscheine auch wirklich wichtig, so dass man auch einen wirklich tollen Schuh im Onlineshop kaufen kann.
00000032|Man kann auch einen Gutschein ganz einfach benutzen, so dass man einfach einen Gutschein einlösen kann und sich dabei so viele Vorteile sichern kann.|Man kann auch einen Gutschein ganz einfach benutzen, so dass man einfach einen Gutschein einlösen kann und sich dabei so viele Vorteile sichern kann.
00000033|So zum Beispiel wenn man eine bestimmte Summe mit jemandem teilt.|So zum Beispiel wenn man eine bestimmte Summe mit jemandem teilt.
00000034|Dann wird dies automatisch von den verschiedenen Shops angerechnet.|Dann wird dies automatisch von den verschiedenen Shops angerechnet.
00000035|Das bedeutet dann, dass man oft mit nur einem einzigen Kauf, eine ganze Menge Geld sparen kann.|Das bedeutet dann, dass man oft mit nur einem einzigen Kauf, eine ganze Menge Geld sparen kann.
00000036|Es gibt auch noch andere Möglichkeiten um Geld zu sparen.|Es gibt auch noch andere Möglichkeiten um Geld zu sparen.
00000037|So kann man beispielsweise bei vielen Händlern einen Rabatt bekommen, wenn man dort einkauft.|So kann man beispielsweise bei vielen Händlern einen Rabatt bekommen, wenn man dort einkauft.
00000038|Dabei sollte man sich aber immer das Kleingedruckte durchlesen.|Dabei sollte man sich aber immer das Kleingedruckte durchlesen.
00000039|Diese Rabatte sind nicht immer sehr groß und man bekommt damit oft eher weniger heraus.|Diese Rabatte sind nicht immer sehr groß und man bekommt damit oft eher weniger heraus.
00000040|Es kommt also vor, dass auch ein Rabatt von 10% möglich ist.|Es kommt also vor, dass auch ein Rabatt von 10% möglich ist.
00000041|Allerdings nur in Läden, die von den deutschen Händlern vertreten werden.|Allerdings nur in Läden, die von den deutschen Händlern vertreten werden.
00000042|In den meisten Supermärkten gibt es so etwas zwar nicht, jedoch gibt es dort schon viele Angebote zu sehr guten Preisen.|In den meisten Supermärkten gibt es so etwas zwar nicht, jedoch gibt es dort schon viele Angebote zu sehr guten Preisen.
00000043|Somit kann man dann meist deutlich sparen oder sich für einen anderen Händler entscheiden.|Somit kann man dann meist deutlich sparen oder sich für einen anderen Händler entscheiden.
00000044|In jedem deutschen Supermarkt stehen die Leute Schlange, wenn man an der Kasse steht.|In jedem deutschen Supermarkt stehen die Leute Schlange, wenn man an der Kasse steht.
00000045|So kann man eventuell auch ein gutes Schnäppchen machen.|So kann man eventuell auch ein gutes Schnäppchen machen.
00000046|Auf dem Markt findet sich eine große Auswahl an Lebensmitteln.|Auf dem Markt findet sich eine große Auswahl an Lebensmitteln.
00000047|Vor allem Obst und Gemüse werden dort gut angeboten.|Vor allem Obst und Gemüse werden dort gut angeboten.
00000048|Hier findet man auch viel frische Wurst und Speck zum Kauf.|Hier findet man auch viel frische Wurst und Speck zum Kauf.
00000049|Ebenfalls gibt es hier natürlich auch Fleisch, Fisch aber auch Obst und Brot.|Ebenfalls gibt es hier natürlich auch Fleisch, Fisch aber auch Obst und Brot.
00000050|Auf den Märkten gibt es meist alles Mögliche zu kaufen.|Auf den Märkten gibt es meist alles Mögliche zu kaufen.
00000051|Begegnungen und Freundschaften lassen sich auf jeden Fall in Haput und Kaitana mit Sicherheit hervorragend pflegen.|Begegnungen und Freundschaften lassen sich auf jeden Fall in Haput und Kaitana mit Sicherheit hervorragend pflegen.
00000052|Und da die beiden Städte einen langen und schönen Sandstrand haben, wird man sich dort sicherlich auch sehr gut erholen.|Und da die beiden Städte einen langen und schönen Sandstrand haben, wird man sich dort sicherlich auch sehr gut erholen.
00000053|Kaitana liegt am Nordrand der Insel in einer kleinen Bucht.|Kaitana liegt am Nordrand der Insel in einer kleinen Bucht.
00000054|Hier gibt es keine Hotels und auch sonst nur einige Tavernen und Lokale.|Hier gibt es keine Hotels und auch sonst nur einige Tavernen und Lokale.
00000055|Natürlich ist Kaitana der ideale Urlaubsort für alle, die ein wenig Luxus suchen.|Natürlich ist Kaitana der ideale Urlaubsort für alle, die ein wenig Luxus suchen.
00000056|Das ist vor allem bei denjenigen Menschen so, die sich eine Ferienwohnung oder ein Ferienhaus auf der Insel gebucht haben.|Das ist vor allem bei denjenigen Menschen so, die sich eine Ferienwohnung oder ein Ferienhaus auf der Insel gebucht haben.
00000057|Das kleine Örtchen Kokua gehört zu den ältesten Orten der Insel: Einst lag es am Fluss, aber das Ende des alten Ko Lanta Flusses hat sich durch Kaitana gezogen.|Das kleine Örtchen Kokua gehört zu den ältesten Orten der Insel: Einst lag es am Fluss, aber das Ende des alten Ko Lanta Flusses hat sich durch Kaitana gezogen.
00000058|Die Häuser wurden um die alten Steinmauern gebaut.|Die Häuser wurden um die alten Steinmauern gebaut.
00000059|Wer genau hinsieht versteht das.|Wer genau hinsieht versteht das.
00000060|Die Strömung schliff sanft durch das blaue Wasser und brachte das Mädchen zum ertrinken.|Die Strömung schliff sanft durch das blaue Wasser und brachte das Mädchen zum ertrinken.
00000061|Was für eine Szene das war... Sie hielt die Füsse an die Brust.|Was für eine Szene das war... Sie hielt die Füsse an die Brust.
00000062|Ihre Hände waren an den Hüften.|Ihre Hände waren an den Hüften.
00000063|Meine Hände lagen sanft über ihrem Rücken.|Meine Hände lagen sanft über ihrem Rücken.
00000064|Sie stupste mich immer an, so sanft, dass es mir ein kleines wenig weh tat.|Sie stupste mich immer an, so sanft, dass es mir ein kleines wenig weh tat.
00000065|Ich hatte mich lange nicht mehr so geborgen gefühlt.|Ich hatte mich lange nicht mehr so geborgen gefühlt.
00000066|Ich schloss meine Augen und schlummerte dann weiter.|Ich schloss meine Augen und schlummerte dann weiter.
00000067|Es war ein seltsames Gefühl... Von Kokua aus gibt es eine Bootsfahrt nach Kaitana Island, wo es eine Insel ist, wo man sich sehr nett am Strand aufhalten kann, wenn man will.|Es war ein seltsames Gefühl... Von Kokua aus gibt es eine Bootsfahrt nach Kaitana Island, wo es eine Insel ist, wo man sich sehr nett am Strand aufhalten kann, wenn man will.
00000068|Am Abend hat man auch die Möglichkeit mit anderen an Land zu gehen, die vielleicht die gleiche Reise gemacht haben.|Am Abend hat man auch die Möglichkeit mit anderen an Land zu gehen, die vielleicht die gleiche Reise gemacht haben.
00000069|Diese Fahrt mit einem Kleinboot kostet ca. 16USD.|Diese Fahrt mit einem Kleinboot kostet ca. 16USD.
00000070|Am Ende meines Aufenthaltes habe ich mich für den Ausflug nach Pemba entschlossen, denn dort bietet sich eine sehr tolle Gelegenheit Delfine zu sehen und dann natürlich die Schildkröten, welche das ganze Jahr in großer Anzahl schwimmen.|Am Ende meines Aufenthaltes habe ich mich für den Ausflug nach Pemba entschlossen, denn dort bietet sich eine sehr tolle Gelegenheit Delfine zu sehen und dann natürlich die Schildkröten, welche das ganze Jahr in großer Anzahl schwimmen.
00000071|Als nächstes ging es dann nach Nusa Dua, von hier aus sind dann alle Ausflüge möglich.|Als nächstes ging es dann nach Nusa Dua, von hier aus sind dann alle Ausflüge möglich.
00000072|Es lohnt sich auch, auf die einzelnen Inseln näher einzugehen.|Es lohnt sich auch, auf die einzelnen Inseln näher einzugehen.
00000073|Es werden viele verschiedene Strände und Regionen besucht und bei all diesen Unternehmungen hat man die Delfine immer dabei.|Es werden viele verschiedene Strände und Regionen besucht und bei all diesen Unternehmungen hat man die Delfine immer dabei.
00000075|Die Kosten für eine Woche Running Island Island liegen ungefähr bei €1.500,-.|Die Kosten für eine Woche Running Island Island liegen ungefähr bei €1.500,-.
00000077|Die durchschnittliche Anzahl der Teilnehmer und auch der verfügbaren Fahrzeuge auf Running Island Island liegt bei 25 bis 30 Fahrzeugen.|Die durchschnittliche Anzahl der Teilnehmer und auch der verfügbaren Fahrzeuge auf Running Island Island liegt bei 25 bis 30 Fahrzeugen.
00000078|Die Fahrer müssen sich untereinander absprechen und auch entsprechend die Fahrzeuge auswählen können, um sich nicht zu behindern.|Die Fahrer müssen sich untereinander absprechen und auch entsprechend die Fahrzeuge auswählen können, um sich nicht zu behindern.
00000079|Die Anzahl der Teilnehmer einer Gruppe muss ungefähr gleich sein, damit das Abenteuer so gut wie möglich verläuft.|Die Anzahl der Teilnehmer einer Gruppe muss ungefähr gleich sein, damit das Abenteuer so gut wie möglich verläuft.
00000080|Der Vorteil des Teams ist, dass im Fall der Panne oder eines Unfalls immer jemand zur Stelle ist, zum Beispiel ein anderer Fahrer, ein anderer Fahrer, ein Crewmitglied, der Navigator oder einer der Helfer, die bei einem Unfall Hilfe leisten können.|Der Vorteil des Teams ist, dass im Fall der Panne oder eines Unfalls immer jemand zur Stelle ist, zum Beispiel ein anderer Fahrer, ein anderer Fahrer, ein Crewmitglied, der Navigator oder einer der Helfer, die bei einem Unfall Hilfe leisten können.
00000081|Ein Team setzt sich zusammen aus maximal fünf Personen.|Ein Team setzt sich zusammen aus maximal fünf Personen.
00000082|Der Pilot hat eine feste Rolle als Teammitglied und kann als Co-Pilot eingesetzt werden.|Der Pilot hat eine feste Rolle als Teammitglied und kann als Co-Pilot eingesetzt werden.
00000083|Durch einen gezielten Kurswechsel auf einem Flugsimulator kann ein Flugzeug aus seiner Startposition heraus auch von einem anderen Piloten gesteuert werden.|Durch einen gezielten Kurswechsel auf einem Flugsimulator kann ein Flugzeug aus seiner Startposition heraus auch von einem anderen Piloten gesteuert werden.
00000084|Dies nennt sich Avionik.|Dies nennt sich Avionik.
00000085|Dazu zählen beispielsweise Navigationsinstrumente.|Dazu zählen beispielsweise Navigationsinstrumente.
00000086|Bei der Aerodynamik ist die Physik zuständig.|Bei der Aerodynamik ist die Physik zuständig.
00000087|Sie beschäftigt sich mit Luftströmungen und Windverhältnissen.|Sie beschäftigt sich mit Luftströmungen und Windverhältnissen.
00000088|Im Gegensatz zur Physik legt die Aerodynamik den Schwerpunkt auf Geschwindigkeiten, Reibung und Kraft, nicht aber auf Energie.|Im Gegensatz zur Physik legt die Aerodynamik den Schwerpunkt auf Geschwindigkeiten, Reibung und Kraft, nicht aber auf Energie.
00000089|Damit die Aerodynamik funktioniert, muss der Wind ausreichend stark sein.|Damit die Aerodynamik funktioniert, muss der Wind ausreichend stark sein.
00000090|Er muss das Flugzeug mit einer minimalen Geschwindigkeit von etwa 80 Kilometern pro Stunde durchströmen.|Er muss das Flugzeug mit einer minimalen Geschwindigkeit von etwa 80 Kilometern pro Stunde durchströmen.
00000091|Die Geschwindigkeit des Flugzeugs wird in Grad angegeben.|Die Geschwindigkeit des Flugzeugs wird in Grad angegeben.
00000092|Bei der großen Masse der Luft kann die Strömung sehr langsam sein.|Bei der großen Masse der Luft kann die Strömung sehr langsam sein.
00000093|Der Wind kann also nicht die Energie des Flugzeugs erzeugen.|Der Wind kann also nicht die Energie des Flugzeugs erzeugen.
00000094|Um das Flugzeug trotzdem in die gewünschte Form zu bringen, setzt man bei der Aerodynamik auf sogenannte Wind-Turbinen.|Um das Flugzeug trotzdem in die gewünschte Form zu bringen, setzt man bei der Aerodynamik auf sogenannte Wind-Turbinen.
00000095|Die Aerodynamik ist eine komplexe Wissenschaft, die sich ständig weiterentwickelt.|Die Aerodynamik ist eine komplexe Wissenschaft, die sich ständig weiterentwickelt.
00000096|Was unterscheidet Aerodynamik vom Physikunterricht?|Was unterscheidet Aerodynamik vom Physikunterricht?
00000097|Was versteht man unter dem Begriff Aerodynamik?|Was versteht man unter dem Begriff Aerodynamik?
00000098|Um diese Fragen beantworten zu können sollten sich die Schüler auf den Weg zum Physikunterricht machen.|Um diese Fragen beantworten zu können sollten sich die Schüler auf den Weg zum Physikunterricht machen.
00000099|Doch was ist Aerodynamik eigentlich ?|Doch was ist Aerodynamik eigentlich ?
00000100|Was macht sie so faszinierend, dass sie in der Schule so selten behandelt wird?|Was macht sie so faszinierend, dass sie in der Schule so selten behandelt wird?
00000101|Meine Hände waren in der Dunkelheit verschwunden.|Meine Hände waren in der Dunkelheit verschwunden.
00000102|Mein Rücken war von einer Aura von Angst umgeben, deren Ursprung ich mir nicht erklären konnte.|Mein Rücken war von einer Aura von Angst umgeben, deren Ursprung ich mir nicht erklären konnte.
00000103|Ich wusste nicht mehr weiter und legte mich schlafen.|Ich wusste nicht mehr weiter und legte mich schlafen.
00000104|Es dauerte lange, bis ich wieder aufwachte ... Es dauerte Stunden, bis ich auf die Beine kam und versuchte, mich fortzubewegen.|Es dauerte lange, bis ich wieder aufwachte ... Es dauerte Stunden, bis ich auf die Beine kam und versuchte, mich fortzubewegen.
00000105|Mathematik ist eine Wissenschaft, in der mathematische Kenntnisse die wichtigsten Fähigkeiten darstellen, die zur Bewältigung des Alltagsleben benötigt werden.|Mathematik ist eine Wissenschaft, in der mathematische Kenntnisse die wichtigsten Fähigkeiten darstellen, die zur Bewältigung des Alltagsleben benötigt werden.
00000106|Mathematik hat die Aufgabe, die Logik eines komplexen Systems zu erschließen oder die Prinzipien der Mathematik zu erkennen.|Mathematik hat die Aufgabe, die Logik eines komplexen Systems zu erschließen oder die Prinzipien der Mathematik zu erkennen.
00000108|es ging um den brief des anwalts auf dessen mahnverfahren.|es ging um den brief des anwalts auf dessen mahnverfahren.
00000109|hier in deutschland hat die bf nicht viel zu melden.|hier in deutschland hat die bf nicht viel zu melden.
00000110|was in dem aktenvermerk falsch ist, das sind die prozesskosten.. das ist klar, aber was kostet ein prozess in den USA?|was in dem aktenvermerk falsch ist, das sind die prozesskosten.. das ist klar, aber was kostet ein prozess in den USA?
00000112|Wie kann man das erklären?|Wie kann man das erklären?
00000113|Was passiert bei einem USA-Vergleich, wenn aus irgendeinem Grunde die Verjährung nicht eintritt?|Was passiert bei einem USA-Vergleich, wenn aus irgendeinem Grunde die Verjährung nicht eintritt?
00000114|Gibt es da auch Ausnahmen?|Gibt es da auch Ausnahmen?
00000115|ich bin in Deutschland und habe in den USA studiert und bin nun schon seit fast 2 Jahren hier.|ich bin in Deutschland und habe in den USA studiert und bin nun schon seit fast 2 Jahren hier.
00000116|Ich hatte hier eine Stelle als studentische Hilfskraft in einem deutschen Unternehmen und konnte mit meinen Kenntnissen auch auf Deutsch mein Gehalt einfordern.|Ich hatte hier eine Stelle als studentische Hilfskraft in einem deutschen Unternehmen und konnte mit meinen Kenntnissen auch auf Deutsch mein Gehalt einfordern.
00000117|Leider habe ich nicht die nötigen Zeugnisse nachschicken können, da ich noch nicht mit meinem Chef gesprochen habe.|Leider habe ich nicht die nötigen Zeugnisse nachschicken können, da ich noch nicht mit meinem Chef gesprochen habe.
00000118|Hallo,ich habe ebenfalls eine zwei jährige ausbildung in einem deutschen unternehmen absolviert.|Hallo,ich habe ebenfalls eine zwei jährige ausbildung in einem deutschen unternehmen absolviert.
00000119|Nun habe ich wieder einen kurs in deutschland gestartet und möchte zurück nach deutschland.|Nun habe ich wieder einen kurs in deutschland gestartet und möchte zurück nach deutschland.
00000120|Jetzt stellt sich die frage nach einer arbeitserlaubnis.|Jetzt stellt sich die frage nach einer arbeitserlaubnis.
00000121|Ich habe eine unbefristete Anstellung.|Ich habe eine unbefristete Anstellung.
00000122|Meine Ausbildung ist aber schon 1 Jahr her.|Meine Ausbildung ist aber schon 1 Jahr her.
00000124|Kann ich nach der Elternzeit wieder arbeiten gehen, ohne vorher einen Antrag stellen zu müssen?|Kann ich nach der Elternzeit wieder arbeiten gehen, ohne vorher einen Antrag stellen zu müssen?
00000125|ich arbeite seit 7 Jahren bei der Gemeinde und nun leider vorrübergehend nicht mehr.|ich arbeite seit 7 Jahren bei der Gemeinde und nun leider vorrübergehend nicht mehr.
00000126|Jetzt kommt mein Bruder dazu und hat vor mit meiner Mutter dort seinen Lebensabend zu verbringen.|Jetzt kommt mein Bruder dazu und hat vor mit meiner Mutter dort seinen Lebensabend zu verbringen.
00000127|In diesem Zuge wollten wir uns überlegen in eine andere Gemeinde zu ziehen.|In diesem Zuge wollten wir uns überlegen in eine andere Gemeinde zu ziehen.
00000128|Wir wissen alle nicht, ob er seinen Wohnsitz dort behalten darf.|Wir wissen alle nicht, ob er seinen Wohnsitz dort behalten darf.
00000130|Darf meine Mama mich dort weiterhin anmelden?|Darf meine Mama mich dort weiterhin anmelden?
00000132|Dies dürfte bei Ihnen der Fall sein, da Ihre Eltern in gemeinsamer Bedarfsgemeinschaft leben.|Dies dürfte bei Ihnen der Fall sein, da Ihre Eltern in gemeinsamer Bedarfsgemeinschaft leben.
00000135|Meine Frage ist, wie die Familienversicherung in dieser Zeit über meinen Eltern laufen soll.|Meine Frage ist, wie die Familienversicherung in dieser Zeit über meinen Eltern laufen soll.
00000136|Bisher habe ich die Familienversicherung jeweils über eine private Krankenkasse angemeldet.|Bisher habe ich die Familienversicherung jeweils über eine private Krankenkasse angemeldet.
00000137|Meine Mutter kommt aus dem Ausland, ist Deutsche und hat nur eine kleine Rente.|Meine Mutter kommt aus dem Ausland, ist Deutsche und hat nur eine kleine Rente.
00000138|Mein Vater wohnt zusammen mit seiner Frau.|Mein Vater wohnt zusammen mit seiner Frau.
00000139|Mein Vater verdient ca. 8.000 Euro netto im Monat und kommt aus dem Westen.|Mein Vater verdient ca. 8.000 Euro netto im Monat und kommt aus dem Westen.
00000140|Nach der Heirat kann er nicht mehr in den alten Bundesländern und auch nicht mehr in der alten Stadt arbeiten.|Nach der Heirat kann er nicht mehr in den alten Bundesländern und auch nicht mehr in der alten Stadt arbeiten.
00000141|Daher ist seine Altersvorsorge hauptsächlich über seine Ehefrau.|Daher ist seine Altersvorsorge hauptsächlich über seine Ehefrau.
00000142|Ich spürte, wie ich mich vorsichtig drehte, um den Weg zurück ins Bett zu finden.|Ich spürte, wie ich mich vorsichtig drehte, um den Weg zurück ins Bett zu finden.
00000143|Wie immer, wenn ich mich auf den Rückweg zum Haus machte, stand ich ganz bewusst auf - diesmal nur auf einer Stufe - und hielt mein Bett in die Höhe, so dass meine Beine frei waren.|Wie immer, wenn ich mich auf den Rückweg zum Haus machte, stand ich ganz bewusst auf - diesmal nur auf einer Stufe - und hielt mein Bett in die Höhe, so dass meine Beine frei waren.
00000145|Denn in der Rentengarantie ist die so genannte Entgeltumwandlung bereits enthalten.|Denn in der Rentengarantie ist die so genannte Entgeltumwandlung bereits enthalten.
00000146|Diese ist in der Grundsicherung möglich.|Diese ist in der Grundsicherung möglich.
00000147|Und dann haben Sie noch die Möglichkeit, selbst bestimmte Beträge einzuzahlen.|Und dann haben Sie noch die Möglichkeit, selbst bestimmte Beträge einzuzahlen.
00000148|Aber das war nur eine Zusammenfassung von den Möglichkeiten.|Aber das war nur eine Zusammenfassung von den Möglichkeiten.
00000149|Diese können Sie auch bei uns im Detail nachlesen.|Diese können Sie auch bei uns im Detail nachlesen.
00000150|Wir alle werden älter!|Wir alle werden älter!
00000151|Und mit zunehmendem Alter steigen natürlich die Ansprüche an unsere Rente.|Und mit zunehmendem Alter steigen natürlich die Ansprüche an unsere Rente.
00000152|Und dann stellt sich die Frage: Wer soll das bezahlen?|Und dann stellt sich die Frage: Wer soll das bezahlen?
00000153|Die gesetzliche Rentenversicherung dient der Sicherung der gesetzlichen Rentenversicherung nach dem Sozialrecht des Bundes.|Die gesetzliche Rentenversicherung dient der Sicherung der gesetzlichen Rentenversicherung nach dem Sozialrecht des Bundes.
00000154|Wer allerdings vorzeitig aus dem Arbeitsprozess ausscheidet und nicht bis zum Lebensende beschäftigt ist, erhält auch keine gesetzliche Rente.|Wer allerdings vorzeitig aus dem Arbeitsprozess ausscheidet und nicht bis zum Lebensende beschäftigt ist, erhält auch keine gesetzliche Rente.
00000155|Die sogenannte Erwerbsobliegenheit – auch oft die Altersrente für langjährig Versicherte oder Altersrente für Schwerbehinderte genannt – soll sicherstellen, dass sich jeder in seinem Leben so engagieren kann, wie er es möchte.|Die sogenannte Erwerbsobliegenheit – auch oft die Altersrente für langjährig Versicherte oder Altersrente für Schwerbehinderte genannt – soll sicherstellen, dass sich jeder in seinem Leben so engagieren kann, wie er es möchte.
00000156|Um die Erwerbsobliegenheit ausüben zu können, muss einem Angestellten oder Arbeiter zum Beispiel ein eigener Arbeitsplatz oder eine eigene Wohnung zur Verfügung stehen, sowie ein Verdienst.|Um die Erwerbsobliegenheit ausüben zu können, muss einem Angestellten oder Arbeiter zum Beispiel ein eigener Arbeitsplatz oder eine eigene Wohnung zur Verfügung stehen, sowie ein Verdienst.
00000157|Wie hoch der Lohn ausfällt, hängt von der Anzahl der geleisteten Arbeitsstunden im jeweiligen Berufsfeld ab.|Wie hoch der Lohn ausfällt, hängt von der Anzahl der geleisteten Arbeitsstunden im jeweiligen Berufsfeld ab.
00000158|Die Altersrente für langjährig Versicherte oder Altersrente für Schwerbehinderte wird an Versicherte gezahlt, die das Rentenalter erreicht haben.|Die Altersrente für langjährig Versicherte oder Altersrente für Schwerbehinderte wird an Versicherte gezahlt, die das Rentenalter erreicht haben.
00000160|Dieser Nachweis wird in den Rentenbescheiden der Deutschen Rentenversicherung abgelegt.|Dieser Nachweis wird in den Rentenbescheiden der Deutschen Rentenversicherung abgelegt.
00000161|in einem ausländischen Altersversorgungssystem erwerben, erhalten Sie eine dauerhafte Rente.|in einem ausländischen Altersversorgungssystem erwerben, erhalten Sie eine dauerhafte Rente.
00000162|Eine weitere Besonderheit ist die Altersrente wegen Arbeitslosigkeit.|Eine weitere Besonderheit ist die Altersrente wegen Arbeitslosigkeit.
00000163|Abschlagszahlungen sind nur zu den vereinbarten Zeiten möglich.|Abschlagszahlungen sind nur zu den vereinbarten Zeiten möglich.
00000164|Wenn Sie nach dem Renteneintritt in die Erwerbsunfähigkeit fallen, erhalten Sie die volle Rente von Ihrem Pensionsversicherungsunternehmen.|Wenn Sie nach dem Renteneintritt in die Erwerbsunfähigkeit fallen, erhalten Sie die volle Rente von Ihrem Pensionsversicherungsunternehmen.
00000165|Während Ihrer Arbeitslosigkeit erhalten Sie zusätzlich zum Arbeitslosengeld Leistungen unter dem Grundsatz der Erwerbsobliegenheit.|Während Ihrer Arbeitslosigkeit erhalten Sie zusätzlich zum Arbeitslosengeld Leistungen unter dem Grundsatz der Erwerbsobliegenheit.
00000166|Dies bedeutet, dass Sie zur Erfüllung des Rentenanspruchs Ihr Einkommen selbst verwerten müssen, insbesondere wenn Sie keine zumutbare Arbeit finden.|Dies bedeutet, dass Sie zur Erfüllung des Rentenanspruchs Ihr Einkommen selbst verwerten müssen, insbesondere wenn Sie keine zumutbare Arbeit finden.
00000167|Unter bestimmten Voraussetzungen erhalten Sie dafür aber weiterhin Arbeitslosengeld.|Unter bestimmten Voraussetzungen erhalten Sie dafür aber weiterhin Arbeitslosengeld.
00000168|Als Minijobber gelten Arbeitnehmer, die weniger als 450 € im Monat verdienen.|Als Minijobber gelten Arbeitnehmer, die weniger als 450 € im Monat verdienen.
00000169|Sie können nebenberuflich auch in Teilzeit arbeiten.|Sie können nebenberuflich auch in Teilzeit arbeiten.
00000170|Tipp: Wenn Sie nebenberuflich selbst eine selbstständige Tätigkeit ausüben, können Sie Ihre Nebenverdienstgrenze bei den Mini-Jobs auf 1.400 € p.a. steigern.|Tipp: Wenn Sie nebenberuflich selbst eine selbstständige Tätigkeit ausüben, können Sie Ihre Nebenverdienstgrenze bei den Mini-Jobs auf 1.400 € p.a. steigern.
00000171|Ein Freibetrag zur Vorsorge auf Ihre Hinterbliebenen steht Ihnen zusätzlich zum Erwerbseinkommen zur Verfügung.|Ein Freibetrag zur Vorsorge auf Ihre Hinterbliebenen steht Ihnen zusätzlich zum Erwerbseinkommen zur Verfügung.
00000172|Wir möchten Ihnen gerne dabei behilflich sein und Ihnen Tipps geben.|Wir möchten Ihnen gerne dabei behilflich sein und Ihnen Tipps geben.
00000173|Daher haben wir Ihnen eine Übersicht mit Informationen und Links zu den wichtigsten Themen von A bis Z erstellt.|Daher haben wir Ihnen eine Übersicht mit Informationen und Links zu den wichtigsten Themen von A bis Z erstellt.
00000174|Sollten Sie weitere Fragen haben, zögern Sie nicht uns darauf anzusprechen.|Sollten Sie weitere Fragen haben, zögern Sie nicht uns darauf anzusprechen.
00000175|In der folgenden Übersicht geben wir Ihnen einen kleinen Überblick über die verschiedenen Möglichkeiten zur Altersvorsorge wie Riesterrenten, betriebliche Altersvorsorge, Privatvorsorge und vermögenswirksame Leistungen.|In der folgenden Übersicht geben wir Ihnen einen kleinen Überblick über die verschiedenen Möglichkeiten zur Altersvorsorge wie Riesterrenten, betriebliche Altersvorsorge, Privatvorsorge und vermögenswirksame Leistungen.
00000176|Diese wird vom Fondssparen der Deutschen Rentenversicherung verwaltet.|Diese wird vom Fondssparen der Deutschen Rentenversicherung verwaltet.
00000177|Mit diesen Beiträgen können Sie die gesetzliche Förderung erhalten.|Mit diesen Beiträgen können Sie die gesetzliche Förderung erhalten.
00000178|Nach einer Frist von zehn Jahren wird Ihre gesetzliche Rente um Ihren Beitrag aufgewertet.|Nach einer Frist von zehn Jahren wird Ihre gesetzliche Rente um Ihren Beitrag aufgewertet.
00000179|Mit einer betrieblichen Altersvorsorge haben Sie zusätzlich zur Rente Anspruch auf eine Einmalzahlung.|Mit einer betrieblichen Altersvorsorge haben Sie zusätzlich zur Rente Anspruch auf eine Einmalzahlung.
00000181|Während ich im Auto nach einer Möglichkeit suchte, die Treppe hinauf zu kommen, nahm ich mein Smartphone und filmte sie nach Hause.|Während ich im Auto nach einer Möglichkeit suchte, die Treppe hinauf zu kommen, nahm ich mein Smartphone und filmte sie nach Hause.
00000182|Auch Arbeitgeber können ihren Beitrag um bis zu einem Maximalbeitrag senken.|Auch Arbeitgeber können ihren Beitrag um bis zu einem Maximalbeitrag senken.
00000183|Um die private Altersvorsorge wird sich der Staat weiter stark kümmern und damit wird der Begriff Rente auch etwas komplizierter, wenn auch nicht wesentlich schlechter als vorher.|Um die private Altersvorsorge wird sich der Staat weiter stark kümmern und damit wird der Begriff Rente auch etwas komplizierter, wenn auch nicht wesentlich schlechter als vorher.
00000184|Wie hoch dieser maximal eingezahlte Betrag ist, hängt vom Einkommen des Arbeitgebers ab.|Wie hoch dieser maximal eingezahlte Betrag ist, hängt vom Einkommen des Arbeitgebers ab.
00000185|Bei einem durchschnittlichen Bruttogehalt von 2. Für Freiberufler und Angestellte fallen andere Regelungen an, als dies normalerweise der Fall ist.|Bei einem durchschnittlichen Bruttogehalt von 2. Für Freiberufler und Angestellte fallen andere Regelungen an, als dies normalerweise der Fall ist.
00000186|Da es den Staat seit Anfang 2016 nicht mehr gibt, muss der Arbeitnehmer privat vorsorgen.|Da es den Staat seit Anfang 2016 nicht mehr gibt, muss der Arbeitnehmer privat vorsorgen.
00000187|Je älter der Arbeitnehmer ist, desto niedriger sein Einkommen.|Je älter der Arbeitnehmer ist, desto niedriger sein Einkommen.
00000188|Deshalb lohnt sich eine private Altersvorsorge erst ab dem 60. Lebensjahr.|Deshalb lohnt sich eine private Altersvorsorge erst ab dem 60. Lebensjahr.
00000189|Bei der Suche nach den richtigen Vorsorgeprodukten hilft unter anderem die Stiftung Warentest mit einem umfangreichen Test.|Bei der Suche nach den richtigen Vorsorgeprodukten hilft unter anderem die Stiftung Warentest mit einem umfangreichen Test.
00000190|Zudem gibt es zahlreiche Versicherungen rund um das Eigenheim.|Zudem gibt es zahlreiche Versicherungen rund um das Eigenheim.
00000191|In dieser Rubrik präsentieren wir einige spezielle Produktneulinge.|In dieser Rubrik präsentieren wir einige spezielle Produktneulinge.
00000192|Um herauszufinden, in welchen Bereichen der finanzielle Bedarf am größten ist, werden die unterschiedlichsten Vergleichsrechner im Internet verwendet.|Um herauszufinden, in welchen Bereichen der finanzielle Bedarf am größten ist, werden die unterschiedlichsten Vergleichsrechner im Internet verwendet.
00000193|Bei einem Immobilienkredit handelt es sich um einen Darlehensvertrag zwischen zwei oder mehreren Geldinstituten, der die Rückzahlung einer Geldsumme oder Teile der Darlehensschuld durch den Kreditgeber regelt.|Bei einem Immobilienkredit handelt es sich um einen Darlehensvertrag zwischen zwei oder mehreren Geldinstituten, der die Rückzahlung einer Geldsumme oder Teile der Darlehensschuld durch den Kreditgeber regelt.
00000194|Bei einem Hauskauf ist es wichtig, dass die Immobilie im Grundbuch eingetragen ist und die Finanzierung über einen Bankkredit laufen lassen wird.|Bei einem Hauskauf ist es wichtig, dass die Immobilie im Grundbuch eingetragen ist und die Finanzierung über einen Bankkredit laufen lassen wird.
00000195|Die Tilgung ist eine wichtige Finanzierungsgrundlage – vor allem für Immobilienbesitzer lohnt sich der Abschluss einer Anschlussfinanzierung.|Die Tilgung ist eine wichtige Finanzierungsgrundlage – vor allem für Immobilienbesitzer lohnt sich der Abschluss einer Anschlussfinanzierung.
00000196|Dafür benötigt der Kreditnehmer einen Tilgungsplan, der die monatliche Zahlungsrate bestimmt.|Dafür benötigt der Kreditnehmer einen Tilgungsplan, der die monatliche Zahlungsrate bestimmt.
00000197|Die monatliche Tilgungsrate entspricht in etwa der Anzahl der Jahre bis zum aktuellen Zinsniveau.|Die monatliche Tilgungsrate entspricht in etwa der Anzahl der Jahre bis zum aktuellen Zinsniveau.
00000198|Der Tilgungsplan ist von der jeweiligen Bank und von den jeweiligen Konditionen abhängig.|Der Tilgungsplan ist von der jeweiligen Bank und von den jeweiligen Konditionen abhängig.
00000199|Das wichtigste Hilfsmittel ist dafür ein Zinsrechner, den es im Internet zum Download gibt.|Das wichtigste Hilfsmittel ist dafür ein Zinsrechner, den es im Internet zum Download gibt.
00000200|Hier wird die jährliche Zinsbilanz, also das Verhältnis von Zins und Tilgung für ein Darlehen mit niedrigen Zinsen, errechnet.|Hier wird die jährliche Zinsbilanz, also das Verhältnis von Zins und Tilgung für ein Darlehen mit niedrigen Zinsen, errechnet.
00000201|Damit sollte ein Kreditnehmer eine relativ genaue Vorstellung davon haben, wie hoch der Zinssatz für ein Darlehen mit niedrigen Zinsen über die gesamte Laufzeit sein soll.|Damit sollte ein Kreditnehmer eine relativ genaue Vorstellung davon haben, wie hoch der Zinssatz für ein Darlehen mit niedrigen Zinsen über die gesamte Laufzeit sein soll.
00000202|Viele Kreditnehmer nutzen die monatliche Tilgungsrate im Falle eines Kreditausfalles als Sicherheit für die Raten.|Viele Kreditnehmer nutzen die monatliche Tilgungsrate im Falle eines Kreditausfalles als Sicherheit für die Raten.
00000203|Die monatliche Rate soll einen festgelegten Betrag erbringen und nicht zur Begleichung bestehender Verbindlichkeiten dienen.|Die monatliche Rate soll einen festgelegten Betrag erbringen und nicht zur Begleichung bestehender Verbindlichkeiten dienen.
00000204|Damit soll der Kreditnehmer eine gewisse finanzielle Sicherheit geben.|Damit soll der Kreditnehmer eine gewisse finanzielle Sicherheit geben.
00000205|Die anfängliche Tilgung ist beim Darlehen mit niedrigen Zinsen besonders wichtig.|Die anfängliche Tilgung ist beim Darlehen mit niedrigen Zinsen besonders wichtig.
00000206|Denn es ist von einer höheren Zinsentwicklung auszugehen, da bei gleichbleibenden Tilgungsraten der Zinssatz schneller steigen wird.|Denn es ist von einer höheren Zinsentwicklung auszugehen, da bei gleichbleibenden Tilgungsraten der Zinssatz schneller steigen wird.
00000207|Die Zinsen beim Kredit mit geringen Zinsen unterscheiden sich nicht von denen, die der Kreditnehmer für einen höheren Kredit zu zahlen hätte.|Die Zinsen beim Kredit mit geringen Zinsen unterscheiden sich nicht von denen, die der Kreditnehmer für einen höheren Kredit zu zahlen hätte.
00000208|Es gibt Kredite, die zwar wenig Zinsen, aber dafür eine sehr lange Laufzeit haben.|Es gibt Kredite, die zwar wenig Zinsen, aber dafür eine sehr lange Laufzeit haben.
00000209|Die Zinsen sind sehr hoch.|Die Zinsen sind sehr hoch.
00000210|Daher ist ein Kredit mit niedrigen Zinsen in jungen Jahren durchaus eine gute Wahl.|Daher ist ein Kredit mit niedrigen Zinsen in jungen Jahren durchaus eine gute Wahl.
00000211|Gerade junge Menschen haben oftmals Schwierigkeiten einen Kredit aufzunehmen.|Gerade junge Menschen haben oftmals Schwierigkeiten einen Kredit aufzunehmen.